Timestamp,Open,Close,High,Low,Volume
30/09/2018 23:00:00,6640.55564911,6622.4,6645,6610.5,356.78137981
30/09/2018 22:00:00,6583.1,6640.5,6644.7,6574.77642038,744.48678934
30/09/2018 21:00:00,6577.1,6583.1,6586.9,6566,318.13805262
30/09/2018 20:00:00,6606,6577.1,6606,6529.6,1136.25873996
30/09/2018 19:00:00,6623.1,6606,6629.7,6600.8,114.91031363
30/09/2018 18:00:00,6620.1,6623,6635,6620,118.57692522
30/09/2018 17:00:00,6623.1,6620,6626.7,6609,159.76856591
30/09/2018 16:00:00,6607.4,6623,6627.8,6589.91997125,316.97996017
30/09/2018 15:00:00,6653.6,6608.8,6653.6,6586.3,681.06438716
30/09/2018 14:00:00,6642.5,6653.6,6658,6634.9,314.44579616
30/09/2018 13:00:00,6634,6642.5,6644.6,6633.9,129.49807758
30/09/2018 12:00:00,6633.9,6634,6645.7,6621.6,394.65140185
30/09/2018 11:00:00,6645.0506807,6631.7,6657.9,6620.4,365.8184658
30/09/2018 10:00:00,6587.4,6645,6662.8,6582.1,1275.31050907
30/09/2018 09:00:00,6590.2,6586.7,6607.3,6576,460.30239664
30/09/2018 08:00:00,6584.4,6590.1,6599.2,6584.3,182.44988718
30/09/2018 07:00:00,6588.2260719,6584.3,6599.3,6574.2,195.48779477
30/09/2018 06:00:00,6571.6,6588.2,6589.5,6570.3,102.41907457
30/09/2018 05:00:00,6563.8,6571.5,6571.6,6556.8,104.11932694
30/09/2018 04:00:00,6578.3,6563.8,6578.9,6563.8,123.43695365
30/09/2018 03:00:00,6576.2,6580.6,6581.7,6572.1,51.43008093
30/09/2018 02:00:00,6597.40257949,6576.1,6599.9,6574.2,251.10182243
30/09/2018 01:00:00,6578.1,6597.4,6610.4,6575.4,221.63306965
30/09/2018 00:00:00,6597.2,6577.3,6597.2,6563.9,375.08390113
29/09/2018 23:00:00,6607.7,6597.3,6632.5,6583.5,311.18291632
29/09/2018 22:00:00,6595.15284,6607.62948902,6612.4,6591.8,63.16657077
29/09/2018 21:00:00,6596.1,6595.2,6598,6580,130.70266918
29/09/2018 20:00:00,6590.1,6597.1,6615.2,6585.9,157.6440297
29/09/2018 19:00:00,6585.4,6590.08104199,6599.61066223,6583.2,83.09359452
29/09/2018 18:00:00,6594.7,6585.4,6603.9,6583.1,215.09053907
29/09/2018 17:00:00,6558.8,6594.62508,6599.6,6558.7,237.13968147
29/09/2018 16:00:00,6601.8,6558.6,6601.81874497,6550,578.92411779
29/09/2018 15:00:00,6557.6,6601.8,6610.4,6557.5,676.59801628
29/09/2018 14:00:00,6570.08424,6557.6,6575.1,6546,1977.69371719
29/09/2018 13:00:00,6580.4,6570,6590.8,6568.2,592.75729735
29/09/2018 12:00:00,6590.0502712,6580.4,6597.7,6566.2,579.84648183
29/09/2018 11:00:00,6559.1,6590,6618,6550.9,1109.01958051
29/09/2018 10:00:00,6547.4,6559.1,6576.3,6544,768.88716524
29/09/2018 09:00:00,6536.1,6547.4,6597.9,6536.1,1498.6911541
29/09/2018 08:00:00,6538,6536.1,6559.2,6535,779.27154108
29/09/2018 07:00:00,6512.3332866,6538,6538,6503.8,266.60714495
29/09/2018 06:00:00,6496.1,6512.3,6516.2,6466,506.98655034
29/09/2018 05:00:00,6502.5,6496.2,6511.4,6490.5,285.85768959
29/09/2018 04:00:00,6498.74868,6503.5,6510.2,6475,504.3852918
29/09/2018 03:00:00,6503.2,6498.74868,6513.5,6479.9,767.41880146
29/09/2018 02:00:00,6484.2,6504.3,6527,6478.9,1290.20162861
29/09/2018 01:00:00,6622.2,6484.2,6622.9,6454.2,3580.22883903
29/09/2018 00:00:00,6635.1,6625,6635.1,6600,344.23187791
28/09/2018 23:00:00,6632.73190331,6635.2,6649.42416,6628.9,192.42146143
28/09/2018 22:00:00,6648.7,6633.1,6655,6629.1,240.91875509
28/09/2018 21:00:00,6658.5,6649.7,6667,6628.7,430.02512709
28/09/2018 20:00:00,6681.8,6658.5,6683.2,6633.9,592.91732364
28/09/2018 19:00:00,6651.64914984,6681.8,6700.8,6541.9,3163.99153962
28/09/2018 18:00:00,6654.8,6651.6,6660.2,6645.3,181.56945403
28/09/2018 17:00:00,6658,6654.9,6673.4,6652.8,305.64668534
28/09/2018 16:00:00,6665,6658.1,6666.7,6636.9,360.18092524
28/09/2018 15:00:00,6659.8259448,6664.9,6692,6641,268.5174132
28/09/2018 14:00:00,6653.1,6659.8259448,6697.1,6636.4,682.32124385
28/09/2018 13:00:00,6606.67234388,6653.2,6669.7,6586,1141.17408308
28/09/2018 12:00:00,6657.5847865,6606.7,6664.8,6587.9,2050.40581938
28/09/2018 11:00:00,6653,6661.7,6671.9,6642.4,423.80094271
28/09/2018 10:00:00,6656.92501648,6653,6668.6,6633.3,359.82992842
28/09/2018 09:00:00,6738.08845226,6660.05626812,6740.8,6602.3,3657.30653939
28/09/2018 08:00:00,6788.4,6738,6799,6735,1345.83999089
28/09/2018 07:00:00,6745.5,6788.5,6826.41966538,6745.5,4967.42955739
28/09/2018 06:00:00,6719.2,6745.5,6800,6719.2,3424.99933177
28/09/2018 05:00:00,6719.9,6719.2,6723,6707.3,311.65005833
28/09/2018 04:00:00,6705.6,6719,6733.44631401,6692.3,633.83417759
28/09/2018 03:00:00,6703.6,6705.5,6710.8,6687,647.37561871
28/09/2018 02:00:00,6720,6703.6,6737.2,6703,822.87171908
28/09/2018 01:00:00,6708.8,6719.9,6720.5,6695,572.22755311
28/09/2018 00:00:00,6691.4,6708.8,6724,6691.4,1115.71140738
27/09/2018 23:00:00,6681.13507039,6691.2,6701.8,6676.9,425.60365329
27/09/2018 22:00:00,6725.8,6681.1,6728.5,6676,967.05235052
27/09/2018 21:00:00,6701.8,6724.1,6730,6696.4,502.06490005
27/09/2018 20:00:00,6673.50015589,6701.7,6745,6673.5,3106.0131334
27/09/2018 19:00:00,6527.3,6673.5,6690,6519.3,4549.13278212
27/09/2018 18:00:00,6511,6527,6539.3,6510,320.22647917
27/09/2018 17:00:00,6509.37048744,6510.9,6521,6500.2,333.18164579
27/09/2018 16:00:00,6498.4,6509.3,6520.1,6498.4,430.55841601
27/09/2018 15:00:00,6520.8,6499,6520.8,6491,572.83681836
27/09/2018 14:00:00,6510.50516079,6520.7,6535.8,6495.5,646.77339677
27/09/2018 13:00:00,6510.5,6510.6,6530,6503,732.89957099
27/09/2018 12:00:00,6488.8,6510.5,6530,6486.9,1096.53746559
27/09/2018 11:00:00,6471,6488.8,6503.2,6463.6,496.58140909
27/09/2018 10:00:00,6465.13977179,6471.07412299,6490.2,6465.12908586,419.86617837
27/09/2018 09:00:00,6463.7,6465.13977179,6490,6460,340.46305141
27/09/2018 08:00:00,6463.6,6463.7,6464.9,6436.7,617.721701
27/09/2018 07:00:00,6480.7609176,6463.6,6486.6,6452.7,215.23333445
27/09/2018 06:00:00,6475.1,6480.8,6481,6449.9,710.56717227
27/09/2018 05:00:00,6486.7,6475.1,6492.3,6475.1,117.18727845
27/09/2018 04:00:00,6506.4,6486,6512,6481,121.18465539
27/09/2018 03:00:00,6505,6505.6,6507,6481.4,448.29197205
27/09/2018 02:00:00,6495.2,6504.9,6505,6490.6,148.62056811
27/09/2018 01:00:00,6501.3,6494.8,6528.4,6494.8,664.75113254
27/09/2018 00:00:00,6462.3,6501.3,6508.2,6462.3,384.68412567
26/09/2018 23:00:00,6465.3,6462.4,6488,6461.8,153.59361012
26/09/2018 22:00:00,6475.7,6465.3,6475.8,6429,660.57113448
26/09/2018 21:00:00,6506.6,6475.8,6511,6458.2,376.61129122
26/09/2018 20:00:00,6492.5,6506.7,6507.3,6487.9,223.86103823
26/09/2018 19:00:00,6516.9,6492.5,6517,6479.27394136,825.74915285
26/09/2018 18:00:00,6534.3,6517,6542.3,6513.2,673.56669057
26/09/2018 17:00:00,6530.1,6534.3,6550.1,6520.7,698.84923186
26/09/2018 16:00:00,6534.3,6530.1,6544.9452152,6520,538.77339048
26/09/2018 15:00:00,6519.1,6534.3,6558,6502.3,1322.3702042
26/09/2018 14:00:00,6487.1,6519.1,6529.5,6487,361.03400807
26/09/2018 13:00:00,6494,6487.01856548,6520.1,6470.8,552.31787702
26/09/2018 12:00:00,6530.7,6495.1,6538.2,6493.6,846.85207464
26/09/2018 11:00:00,6468.934843,6530.7,6535.8,6465.2,2862.267112
26/09/2018 10:00:00,6457.2,6469,6476.7,6457.1,455.69447906
26/09/2018 09:00:00,6451.09658602,6453.4,6463.1,6435.1,248.88364857
26/09/2018 08:00:00,6452.8,6451.1,6465.7592123,6434.6,477.36290543
26/09/2018 07:00:00,6431.1,6452.8,6473,6431.0988896,393.05714724
26/09/2018 06:00:00,6450.0153234,6431.1,6455.5,6427.9,273.15015666
26/09/2018 05:00:00,6402.7,6450,6465.9,6402.7,597.31658085
26/09/2018 04:00:00,6390.8,6402.7,6407.9,6388.1,182.07206099
26/09/2018 03:00:00,6402.08764388,6388.80649118,6406,6388,215.17460843
26/09/2018 02:00:00,6399.99530293,6402.07144298,6411.3,6399.9,159.74812864
26/09/2018 01:00:00,6413,6400,6417.3,6382.5,376.98700255
26/09/2018 00:00:00,6442.70984901,6413,6443.5,6404.1,335.80403946
25/09/2018 23:00:00,6397.48666439,6442.8,6442.8,6394.2,680.58899155
25/09/2018 22:00:00,6396.6,6397.5,6419,6381,351.51578657
25/09/2018 21:00:00,6395.3,6396.6,6405.6,6383.1,506.27651315
25/09/2018 20:00:00,6368.31702,6395.3,6423,6368.31702,1132.52540493
25/09/2018 19:00:00,6351.9,6368.75967,6381.6,6347.28426158,432.22612268
25/09/2018 18:00:00,6393.4,6352.5,6393.5,6328,2535.16295719
25/09/2018 17:00:00,6391.1,6393.4,6406.11115207,6367.64178191,523.44610912
25/09/2018 16:00:00,6402.9,6391.2,6426.3,6391.1,260.59093164
25/09/2018 15:00:00,6423,6407.06194746,6424.3,6370.56479852,670.40199652
25/09/2018 14:00:00,6421.007352,6423.0255582,6435.7,6394,480.09077151
25/09/2018 13:00:00,6442.2,6421,6442.4,6419.5,704.22140596
25/09/2018 12:00:00,6402.9,6442.3,6448.9,6389.3,588.98572583
25/09/2018 11:00:00,6411.1,6402.90533008,6411.3,6373.79072383,438.24400941
25/09/2018 10:00:00,6420.4,6410.4,6433.9,6392,521.29980242
25/09/2018 09:00:00,6408.8,6419.3,6427.1,6385.3,736.45462683
25/09/2018 08:00:00,6383,6408.83520668,6421.41330545,6375.3,598.18549695
25/09/2018 07:00:00,6423.82110031,6383.01501103,6445,6369.36528764,1416.88191131
25/09/2018 06:00:00,6470.3,6423.82110031,6473.4,6414.5,463.15859321
25/09/2018 05:00:00,6461,6469.8,6473.4,6450,235.55254455
25/09/2018 04:00:00,6461.5,6461,6480,6458.7,355.347205
25/09/2018 03:00:00,6427.4,6461.53847021,6482.8,6423.4,1329.71466645
25/09/2018 02:00:00,6442.3,6427.4,6442.3,6403.8,1063.15885929
25/09/2018 01:00:00,6518.6,6442.2,6518.6,6431.6,1803.61483379
25/09/2018 00:00:00,6585,6519.1,6585.1,6503.2,2410.35605595
24/09/2018 23:00:00,6602.1,6585.1,6602.1,6555,1173.60898375
24/09/2018 22:00:00,6622.2,6602,6622.2,6585,477.84381909
24/09/2018 21:00:00,6631.81269811,6622.1,6635.3,6619.82834183,103.69897878
24/09/2018 20:00:00,6625.2,6631.8,6639.7,6623.3,128.30982135
24/09/2018 19:00:00,6642.28985522,6625.1,6642.4,6625,176.70122658
24/09/2018 18:00:00,6644.8,6642.2,6660,6640,271.06197347
24/09/2018 17:00:00,6609.9,6644.75067288,6650.1,6609.6,716.90423986
24/09/2018 16:00:00,6605,6609.9,6615.4,6590.1,595.46176738
24/09/2018 15:00:00,6610.3,6605,6615,6595,400.37515743
24/09/2018 14:00:00,6620,6610.4,6628.4,6590.4,763.62029794
24/09/2018 13:00:00,6627.3,6620,6627.36571389,6604.6,2134.50190669
24/09/2018 12:00:00,6582.3,6627.3,6636.5,6582,641.61438133
24/09/2018 11:00:00,6615.1,6582.3,6620,6580.3,1186.55383749
24/09/2018 10:00:00,6602.1,6615.1,6622,6599,1522.33619454
24/09/2018 09:00:00,6644.5,6602,6644.5,6580,2292.76427954
24/09/2018 08:00:00,6679.8,6644.9,6680,6634.3,345.08916765
24/09/2018 07:00:00,6647.7,6679.7,6709.35932576,6642.4,1645.14573724
24/09/2018 06:00:00,6694.5,6647.7,6694.51583031,6621,2033.76234131
24/09/2018 05:00:00,6697.1,6694.51583031,6699,6677,388.76269713
24/09/2018 04:00:00,6716.1,6697.1,6716.1,6689.2,125.04500022
24/09/2018 03:00:00,6709.4,6716.1,6717,6709.3,70.86604243
24/09/2018 02:00:00,6721.637334,6709.3,6721.7,6704.4,283.2713455
24/09/2018 01:00:00,6698.5,6721.6,6721.7,6698.5,141.21534604
24/09/2018 00:00:00,6710.03023581,6698.5219658,6710.03023581,6688.7,147.99197547
23/09/2018 23:00:00,6723.9,6710,6723.9,6710,118.2071116
23/09/2018 22:00:00,6689.4,6723.9,6727.9,6681.9,388.63101913
23/09/2018 21:00:00,6681.7,6689.9,6691,6674.5,141.91350738
23/09/2018 20:00:00,6687.4,6681.7,6695.6,6679,173.96854386
23/09/2018 19:00:00,6703.1,6687.4,6703.1,6682.5,229.14642485
23/09/2018 18:00:00,6685,6703.07359604,6706.1,6684.83090195,354.00909919
23/09/2018 17:00:00,6690.9,6684.9,6702,6684.83090195,199.99583992
23/09/2018 16:00:00,6684.00703374,6690.9,6704,6670,235.31066342
23/09/2018 15:00:00,6689.4,6680,6708.4,6661.5,598.97452736
23/09/2018 14:00:00,6731.5,6690.3,6748,6665.88203447,637.33911324
23/09/2018 13:00:00,6737.7,6731.5,6737.8,6722.1,140.32398821
23/09/2018 12:00:00,6746.1,6737.7,6748,6724.5,257.12767212
23/09/2018 11:00:00,6760,6746,6769,6746,509.31917911
23/09/2018 10:00:00,6772.6,6760,6772.6,6745.9,382.36906786
23/09/2018 09:00:00,6733.9,6772.6,6785.9,6731.6,1477.14171797
23/09/2018 08:00:00,6719.6,6734.4,6740,6718,240.97897265
23/09/2018 07:00:00,6702.9,6719.9,6724,6702.8,153.7352556
23/09/2018 06:00:00,6724.9,6702.6,6725,6699.4,482.88197489
23/09/2018 05:00:00,6732.7,6725,6737.8,6722.4,236.70680701
23/09/2018 04:00:00,6720.1,6732.7,6739.7,6720,450.13096664
23/09/2018 03:00:00,6700.5,6720.1,6720.1,6700.1,380.75802064
23/09/2018 02:00:00,6693.6,6700.9,6708.4,6693.6,162.06775962
23/09/2018 01:00:00,6715,6693.6,6715,6690,335.95074004
23/09/2018 00:00:00,6723.1,6715,6735.2,6706.9,226.99947399
22/09/2018 23:00:00,6708.9,6723,6733,6698.7,126.05701494
22/09/2018 22:00:00,6701.8,6709,6717.714075,6695.1,177.1570858
22/09/2018 21:00:00,6725,6702.1,6725.1,6698.3,623.46345719
22/09/2018 20:00:00,6729.55493256,6725.1,6741,6713,441.48095348
22/09/2018 19:00:00,6740.1,6729.6,6740.9,6717.3,216.70570351
22/09/2018 18:00:00,6684,6740.2,6763.7,6502.2,5069.7337572
22/09/2018 17:00:00,6672.3,6684,6690.4,6671.4,185.71432938
22/09/2018 16:00:00,6691.1,6672.4,6693.5,6672.3,282.52442335
22/09/2018 15:00:00,6674.7,6691,6693.7,6652.3,258.28743987
22/09/2018 14:00:00,6698,6674.7,6698,6658.58495068,311.14614409
22/09/2018 13:00:00,6686.5,6696.9,6715.5,6680.046975,241.78486885
22/09/2018 12:00:00,6670,6691.5,6714.4,6665.9,523.88768579
22/09/2018 11:00:00,6696,6670.1,6710.6,6670.1,236.37528942
22/09/2018 10:00:00,6694.4,6696,6723,6691.5395028,301.728314
22/09/2018 09:00:00,6654.5,6694.5,6700,6645.4,848.83766337
22/09/2018 08:00:00,6725.6,6654.5,6725.6,6638.8,1668.54233371
22/09/2018 07:00:00,6728.1,6725.6,6729.4,6716.1,259.56505877
22/09/2018 06:00:00,6742.7,6728,6742.7,6710,321.23523417
22/09/2018 05:00:00,6755.6,6742.7,6756.7,6727.1,257.26369447
22/09/2018 04:00:00,6744.1,6755.6831846,6764.39260195,6739,300.84560776
22/09/2018 03:00:00,6745,6744,6762.6,6725.4,488.66951359
22/09/2018 02:00:00,6770.7,6745,6783.2,6745,850.54702122
22/09/2018 01:00:00,6800,6769.68886925,6806.9,6752.2,1280.55289647
22/09/2018 00:00:00,6761.8,6800,6840.9,6761.8,2988.93292261
21/09/2018 23:00:00,6741.7,6762.1,6772.5,6736,561.54916491
21/09/2018 22:00:00,6730.1,6743.2,6743.2,6720.2,280.13257671
21/09/2018 21:00:00,6710.9,6729,6750.9,6689.6,993.56813096
21/09/2018 20:00:00,6756.4,6710.9,6787.9,6710.3,1361.8147088
21/09/2018 19:00:00,6742.3,6755.4,6790.5,6730.7,1402.34681467
21/09/2018 18:00:00,6702.9,6742.30144723,6757.3,6689.8,1197.32227701
21/09/2018 17:00:00,6722.6,6702.9,6723.8,6699.27023912,524.35623373
21/09/2018 16:00:00,6689.2,6722.8,6734.8,6688.7,1222.48486616
21/09/2018 15:00:00,6727.9107289,6689.1,6728,6678.7,2730.48221853
21/09/2018 14:00:00,6730.0533108,6727.9,6750.1,6700.4,2045.69509628
21/09/2018 13:00:00,6732.7,6730,6784.9,6729.9,1622.68527398
21/09/2018 12:00:00,6746.5,6732.7,6746.54437242,6711.3,724.71348585
21/09/2018 11:00:00,6699.4,6746.54437242,6775,6699.4,1373.53276344
21/09/2018 10:00:00,6716.6,6699.4,6723.9,6689,598.39997086
21/09/2018 09:00:00,6712.7,6716.6,6733.4,6675.14889169,1411.92351248
21/09/2018 08:00:00,6650.9,6711.18313721,6745,6650.85202032,3972.20592543
21/09/2018 07:00:00,6554.5,6650.9,6676.7,6532.5,4167.76091771
21/09/2018 06:00:00,6535.1,6554.5,6579.4,6535.02909258,789.06152801
21/09/2018 05:00:00,6550.1,6535.1,6550.1,6530,405.15981331
21/09/2018 04:00:00,6555.3,6550.1,6562,6540.9,389.33036776
21/09/2018 03:00:00,6565,6555.3,6575,6544,1063.80942392
21/09/2018 02:00:00,6501.9,6565,6645,6499.4,5973.86216454
21/09/2018 01:00:00,6510.263925,6502,6510.3,6496,613.15621456
21/09/2018 00:00:00,6493.94240058,6509,6538,6473.8,1568.31813801
20/09/2018 23:00:00,6541.9,6493.9074816,6557,6493.6,1320.13396857
20/09/2018 22:00:00,6507.3,6541.9,6541.9,6474.1,2819.18503614
20/09/2018 21:00:00,6381.3,6510,6584,6359.34899382,3995.52405611
20/09/2018 20:00:00,6423,6380.4,6438.8,6340,1631.17470587
20/09/2018 19:00:00,6405.9,6423.1,6440.3,6405.9,659.24663151
20/09/2018 18:00:00,6399.3,6406,6406,6388.31076585,207.35128994
20/09/2018 17:00:00,6423,6399.3,6430.7,6393.5,426.29742047
20/09/2018 16:00:00,6417,6422.9,6433.6,6413,284.44151172
20/09/2018 15:00:00,6416.9,6416.9,6428.8,6397.3,312.0184894
20/09/2018 14:00:00,6421.9,6416.9,6425,6414,212.58487558
20/09/2018 13:00:00,6425.6,6422,6432.1,6402,419.66118561
20/09/2018 12:00:00,6426.9,6425.5,6460.1,6422,882.73551852
20/09/2018 11:00:00,6409,6426.9,6435,6409,641.03638009
20/09/2018 10:00:00,6390.32752729,6408.9,6408.9,6384.9,406.27857014
20/09/2018 09:00:00,6391.1,6390.3,6394.7,6381.4,307.30979754
20/09/2018 08:00:00,6409.7,6391.1,6409.9,6371.25888652,438.92208099
20/09/2018 07:00:00,6401.93607205,6409.7,6409.9,6399,261.57216234
20/09/2018 06:00:00,6390.8,6402,6403.9,6389.2,95.36950636
20/09/2018 05:00:00,6388.66012394,6389.3,6397.1,6388.4,96.21827657
20/09/2018 04:00:00,6400.4,6388.7,6404,6387.2,148.16193445
20/09/2018 03:00:00,6386.9,6400.4,6408,6384,239.42115577
20/09/2018 02:00:00,6405.1,6387,6405.2,6382.2,90.78881911
20/09/2018 01:00:00,6417.2,6405.2,6417.2,6401,398.35096191
20/09/2018 00:00:00,6392.7,6417.1,6420,6387.6,394.60209577
19/09/2018 23:00:00,6387.4,6390.9,6395.3,6377.7,482.98764102
19/09/2018 22:00:00,6395.5,6387.4,6419.6,6376,569.30250233
19/09/2018 21:00:00,6427,6395.4,6450.9,6383.3,1043.69114772
19/09/2018 20:00:00,6415.5,6426.6,6473.1,6405.1,1238.4379571
19/09/2018 19:00:00,6156.8,6415.5,6549.9,6118,10804.8696213
19/09/2018 18:00:00,6329.6,6156.8,6329.6,6100,6509.39925372
19/09/2018 17:00:00,6327.5,6329.60598333,6343.2,6320,225.50175969
19/09/2018 16:00:00,6331.1,6326.5,6340,6322,183.29527471
19/09/2018 15:00:00,6327.8,6331,6360.1,6325.1,707.5716289
19/09/2018 14:00:00,6293.5,6327.8,6349.8,6291.62903104,1015.68772536
19/09/2018 13:00:00,6297.3,6300,6304.9101662,6282.3,460.53472546
19/09/2018 12:00:00,6288.9,6297.4,6306.4,6257,1067.02574899
19/09/2018 11:00:00,6321.8,6289,6329.5,6277,920.91544482
19/09/2018 10:00:00,6320.3,6321.8,6334.133716,6320.24754505,119.41390801
19/09/2018 09:00:00,6346.54255516,6320.3,6346.6,6292,1201.01500052
19/09/2018 08:00:00,6356.1,6346.54255516,6365,6346.5,306.10206961
19/09/2018 07:00:00,6352.9,6355.60528715,6359.6,6330.5,419.47069728
19/09/2018 06:00:00,6345.8,6353.4,6369.8,6343.9,559.37530908
19/09/2018 05:00:00,6340.1,6344.5,6351.8,6336.0627461,136.89477141
19/09/2018 04:00:00,6360.9,6340.1,6362.1,6330,602.19457582
19/09/2018 03:00:00,6345,6359.1,6375.1,6335,698.26321912
19/09/2018 02:00:00,6344.2,6344.9,6345,6337.1,103.91744386
19/09/2018 01:00:00,6322,6344.2,6362.1,6321.9,426.95407453
19/09/2018 00:00:00,6334.5,6321.93659882,6336.8,6315,97.78342869
18/09/2018 23:00:00,6354.2,6335.4,6361.9,6325.6,315.14675987
18/09/2018 22:00:00,6323.7,6354.1543884,6379.4,6322.7,1525.32818724
18/09/2018 21:00:00,6319.473402,6322.7,6330,6312.6,273.15484767
18/09/2018 20:00:00,6299.7,6319.5,6346.8,6295,660.24939464
18/09/2018 19:00:00,6334.9,6299.7,6338.1,6299.6,618.40481047
18/09/2018 18:00:00,6324.9,6334.9,6347.2,6315.1,436.96458597
18/09/2018 17:00:00,6348,6324.9,6348,6314,747.30163875
18/09/2018 16:00:00,6361.5,6347.9,6364.8,6345,336.20328847
18/09/2018 15:00:00,6359.6,6361.5,6383,6336,905.90520391
18/09/2018 14:00:00,6369.4,6359.6,6375.2,6348.2,641.93209914
18/09/2018 13:00:00,6324.7,6369.4,6384,6324.6,1977.33690301
18/09/2018 12:00:00,6286.3,6324.7,6362.3,6266,2482.17576571
18/09/2018 11:00:00,6247,6286.2,6286.2,6239.3,510.08838407
18/09/2018 10:00:00,6259.1,6246.95394081,6270.1,6246,450.9353969
18/09/2018 09:00:00,6256.47638368,6258.7,6260,6240.3,363.66123885
18/09/2018 08:00:00,6287.2,6256.5,6287.2,6250.1,692.85671176
18/09/2018 07:00:00,6269.7,6287.1,6291.5,6267.2,578.39735591
18/09/2018 06:00:00,6273.6,6269.7,6282.1,6263.4,490.52480013
18/09/2018 05:00:00,6265.4,6273.7,6278,6256.1,481.53137579
18/09/2018 04:00:00,6240,6265,6265.4,6239.9,548.91667451
18/09/2018 03:00:00,6245.7,6240,6250.8,6235.9,214.10898278
18/09/2018 02:00:00,6256.3,6245.7,6256.3,6234.06297375,391.05299564
18/09/2018 01:00:00,6251.98412658,6256.3,6260,6246.2,261.13093329
18/09/2018 00:00:00,6251.9,6251.9,6258.1,6228.1,178.77174055
17/09/2018 23:00:00,6248.7,6252,6278,6247.8,414.67193936
17/09/2018 22:00:00,6245,6247.8,6265.3,6218.4,725.91937284
17/09/2018 21:00:00,6218,6244.8,6260.5,6211.57417036,987.32588017
17/09/2018 20:00:00,6266.6,6218.3,6266.7,6202.8,2018.38035823
17/09/2018 19:00:00,6293.1,6266.7,6307,6235.5,1191.78101123
17/09/2018 18:00:00,6291,6293.9,6315,6275,999.14417199
17/09/2018 17:00:00,6258.3,6291,6291,6258.3,662.4833523
17/09/2018 16:00:00,6259.45543366,6258.3,6295.6,6255,959.47789175
17/09/2018 15:00:00,6347.4815985,6259.45543366,6347.5,6220.9,4521.77067859
17/09/2018 14:00:00,6419.1,6347.4748203,6419.1,6286.19853306,4581.06863506
17/09/2018 13:00:00,6450,6419.1,6458.5,6385,1029.40515441
17/09/2018 12:00:00,6474.1,6450,6474.16573974,6435.2,1065.07746847
17/09/2018 11:00:00,6474.5,6474.1,6483.8,6467,179.32617279
17/09/2018 10:00:00,6491.5,6474.5,6501.6,6474.4,305.63807771
17/09/2018 09:00:00,6475,6491,6505.1,6414.2,1104.17052025
17/09/2018 08:00:00,6477.2,6475,6477.29667796,6460.7,285.12417123
17/09/2018 07:00:00,6482.07918465,6477.2,6485.8,6458.7,416.20260994
17/09/2018 06:00:00,6483.93647918,6482.1,6487.9,6473.2,91.93044657
17/09/2018 05:00:00,6473.17610164,6483.9,6486.8,6463.1,234.92008118
17/09/2018 04:00:00,6516,6473.1,6516,6465.1,472.78096123
17/09/2018 03:00:00,6518.30222951,6515.935584,6518.30222951,6506.2,187.96976599
17/09/2018 02:00:00,6518.8,6518.4,6519,6505.6,149.71818739
17/09/2018 01:00:00,6524.5,6518.8,6528.9,6514.7,123.58626809
17/09/2018 00:00:00,6498.5,6524.5971648,6543.3,6498.5,837.84578836
16/09/2018 23:00:00,6494.4,6498.4,6505,6494.4,108.74424557
16/09/2018 22:00:00,6495.0630052,6493.6,6496.86414121,6476.5,230.33204229
16/09/2018 21:00:00,6502.24945224,6495,6507.1,6490.4,91.86420344
16/09/2018 20:00:00,6504.7,6500.7,6518.6,6500.2,170.21384646
16/09/2018 19:00:00,6485.7,6506.3,6520.6,6485.7,444.25649243
16/09/2018 18:00:00,6471.9,6485.7,6491,6471.9,212.32638728
16/09/2018 17:00:00,6482.3,6472,6487.7,6413.8,563.25865204
16/09/2018 16:00:00,6476.9,6482.3,6490,6476.8,78.27314445
16/09/2018 15:00:00,6475.1,6476.9,6477.2,6469,101.76557622
16/09/2018 14:00:00,6482.1,6475,6482.1,6454.1,302.75340898
16/09/2018 13:00:00,6503.90141168,6482.41442312,6504,6477.7,63.92929553
16/09/2018 12:00:00,6494.3,6504.1,6504.6,6487.7,123.40765412
16/09/2018 11:00:00,6508.4,6494.3,6511,6493.2,157.54863295
16/09/2018 10:00:00,6496.1431756,6508.4,6512.4,6481.3,369.79047535
16/09/2018 09:00:00,6489.04610864,6496.1,6496.2,6481.1,199.08770409
16/09/2018 08:00:00,6451.1,6489.04610864,6498.8,6451,442.80377102
16/09/2018 07:00:00,6460.2,6451,6460.2,6448.3,107.03803475
16/09/2018 06:00:00,6468.2,6460.9,6468.3,6453,128.20819854
16/09/2018 05:00:00,6447.9,6468.1,6469.2,6445.4,458.42482814
16/09/2018 04:00:00,6485.20671176,6448,6485.3,6370.2,3376.37987921
16/09/2018 03:00:00,6497.8,6485.2,6498,6480,80.07435536
16/09/2018 02:00:00,6493.3,6497.8,6499,6478.1,121.24808965
16/09/2018 01:00:00,6507,6493.3,6516.1758123,6480.7,345.53979331
16/09/2018 00:00:00,6512.8,6507,6515,6493.1,451.2806339
15/09/2018 23:00:00,6518.2,6512.8,6529,6511.15172704,209.75212466
15/09/2018 22:00:00,6497.7,6518.2,6525.2,6496.6,148.2372857
15/09/2018 21:00:00,6532,6497.8,6532,6475.2,590.1970746
15/09/2018 20:00:00,6536.3,6531.9,6536.3444817,6521.7,62.18587407
15/09/2018 19:00:00,6522.1,6536.3,6549.3,6510.6,245.49176104
15/09/2018 18:00:00,6544.4,6522.9,6554.4,6510.6,441.43395697
15/09/2018 17:00:00,6545.7,6544.3,6554.9,6531,250.95916023
15/09/2018 16:00:00,6538.2,6545.8,6554.9,6534.2,286.99148741
15/09/2018 15:00:00,6536.3444817,6538.2,6540.2,6515.4,531.04248355
15/09/2018 14:00:00,6543.6,6536.3,6570,6524.4,863.9247346
15/09/2018 13:00:00,6525,6543.6,6572.2,6525,1532.5147837
15/09/2018 12:00:00,6523.8,6524.9,6533,6520,196.02046477
15/09/2018 11:00:00,6521.2,6523.7,6525,6501.6,223.18824807
15/09/2018 10:00:00,6529.7,6521.2,6549,6518.5,205.77735793
15/09/2018 09:00:00,6511.2680724,6530,6533,6511.2680724,281.87202699
15/09/2018 08:00:00,6496.2,6511.2680724,6531.5,6496.2,740.1815562
15/09/2018 07:00:00,6483,6496.3,6506.8,6482.9,393.99006678
15/09/2018 06:00:00,6494.1,6482.9,6494.1,6465.6,241.27063109
15/09/2018 05:00:00,6513.4,6494,6513.4,6486.1,92.06584348
15/09/2018 04:00:00,6497.8,6513.4,6513.4,6495,144.56898113
15/09/2018 03:00:00,6499.0518096,6497.9,6500.7,6486,147.93684849
15/09/2018 02:00:00,6520.4,6499.1,6520.5,6498.5,52.29594852
15/09/2018 01:00:00,6489.1,6519.1,6526.50931456,6489,332.29370534
15/09/2018 00:00:00,6480.2,6489,6500.4,6475.1,145.44977159
14/09/2018 23:00:00,6514.9,6480.1,6525.9,6465,349.04831161
14/09/2018 22:00:00,6510,6515.3,6536.1,6500,174.29554933
14/09/2018 21:00:00,6534.5,6510,6537.4,6505,191.89615243
14/09/2018 20:00:00,6534.69559933,6534.6,6543,6511.4,707.7867566
14/09/2018 19:00:00,6474.9,6534.69559933,6537,6474.8,697.8480503
14/09/2018 18:00:00,6466,6474.1,6482.3,6459,260.39126496
14/09/2018 17:00:00,6508,6467.8,6508,6466.8,365.42530586
14/09/2018 16:00:00,6478.3,6508,6518,6478.2,896.72555292
14/09/2018 15:00:00,6450.1,6478.3,6478.4,6449.94279888,304.72024846
14/09/2018 14:00:00,6450.2,6450.1,6453.4,6430.2,537.38284148
14/09/2018 13:00:00,6468.9,6450.3,6474,6414.4,886.01446179
14/09/2018 12:00:00,6462.4713027,6468.8,6473,6445.03820811,281.48005635
14/09/2018 11:00:00,6444.9205452,6462.6,6479.96581486,6444.9,360.97466646
14/09/2018 10:00:00,6425,6444.9,6472.5,6425,524.75971168
14/09/2018 09:00:00,6416,6425,6462.1,6408.0362205,1150.98090474
14/09/2018 08:00:00,6553.3,6415.9,6553.36016438,6355.2,3398.9415648
14/09/2018 07:00:00,6560.11646844,6553.36990219,6596.5,6548.9,1942.11621032
14/09/2018 06:00:00,6549.2,6560.2,6560.3,6545.9,248.64631609
14/09/2018 05:00:00,6542.02052608,6549.1,6567,6542.02052608,275.6479305
14/09/2018 04:00:00,6555.1,6542.0085148,6563.7,6540.3,291.24401834
14/09/2018 03:00:00,6547.2,6555,6580,6547.2,480.95747948
14/09/2018 02:00:00,6488.1,6547.2,6566,6488.0612295,1728.41090323
14/09/2018 01:00:00,6461.2,6488.0612295,6494.8,6461.2,113.14011644
14/09/2018 00:00:00,6489.1,6461.1,6499,6460,206.56190704
13/09/2018 23:00:00,6478.1,6489,6517.7,6475.5,451.85983089
13/09/2018 22:00:00,6464,6479.9,6500.2,6460.9,319.28790199
13/09/2018 21:00:00,6469.2,6464.1,6469.2,6450,220.23833322
13/09/2018 20:00:00,6450.09325047,6469.1,6470.8,6413.3,651.50511266
13/09/2018 19:00:00,6484.6,6450,6492.4,6430.1,1111.13341239
13/09/2018 18:00:00,6502.2,6484.6,6506.8,6481.4,420.42112946
13/09/2018 17:00:00,6508.9,6502.13603601,6520.6,6476.4,2031.66185296
13/09/2018 16:00:00,6479.9,6508.9,6522,6478.9,694.57740232
13/09/2018 15:00:00,6491.7,6479.9,6491.7,6476,502.76293596
13/09/2018 14:00:00,6500,6491.7,6520,6490,1024.90569533
13/09/2018 13:00:00,6455.4350562,6500,6528.4,6450,1373.19273193
13/09/2018 12:00:00,6473.7,6456.9,6483.8,6432.6,945.22808342
13/09/2018 11:00:00,6440,6473.7,6473.8,6428.8,420.59668595
13/09/2018 10:00:00,6442.8330296,6440,6469,6433.1,715.05853817
13/09/2018 09:00:00,6419,6442.9,6490,6412,2685.13862539
13/09/2018 08:00:00,6384.9,6417.6,6439,6384.2,796.65698665
13/09/2018 07:00:00,6387.938726,6384.9,6395,6384,180.41198119
13/09/2018 06:00:00,6382.0850895,6387.938726,6396,6375.8,167.95856818
13/09/2018 05:00:00,6397.89443541,6381.8,6400,6370.6,252.59739762
13/09/2018 04:00:00,6389.8,6397.9,6414.2,6389.8,255.87629586
13/09/2018 03:00:00,6395.1,6389.8,6410.3,6384.5,629.29218271
13/09/2018 02:00:00,6398,6395.1,6403.6,6384.5,186.92288411
13/09/2018 01:00:00,6410,6398,6421.3,6391,317.01577405
13/09/2018 00:00:00,6334.2,6410,6443.6,6333.4,2892.44618929
12/09/2018 23:00:00,6347.1,6332.41672182,6350.3,6323.1,320.76273658
12/09/2018 22:00:00,6309.6,6347,6347.1,6309.6,195.32358679
12/09/2018 21:00:00,6315.7649893,6309.6,6339.4,6307.8,238.70146436
12/09/2018 20:00:00,6322.2,6315.8,6322.2432356,6307,203.84423266
12/09/2018 19:00:00,6318,6322.3,6340.1,6301.3,1025.1046519
12/09/2018 18:00:00,6290.18571956,6318,6355,6286.3,1559.4340554
12/09/2018 17:00:00,6270.1,6290.1,6326.6,6270.1,1348.29721542
12/09/2018 16:00:00,6275.7,6270.1,6282.2,6268.52637376,345.01203203
12/09/2018 15:00:00,6281.2,6275.7,6287.1,6263.3,439.64613575
12/09/2018 14:00:00,6291.1,6281.2,6293.1,6265,857.37170291
12/09/2018 13:00:00,6260,6291.1,6291.1,6258,646.54507639
12/09/2018 12:00:00,6244.8,6260,6280.3,6244.6,764.7832723
12/09/2018 11:00:00,6247.7,6242,6257.9,6226.4,304.04490631
12/09/2018 10:00:00,6260.3,6247.7,6276.8,6247.7,453.02526428
12/09/2018 09:00:00,6247.9,6260.3,6261.9,6244,602.72435587
12/09/2018 08:00:00,6248.32549187,6247,6254.9,6202.8,2356.9174528
12/09/2018 07:00:00,6256.43828108,6246.2,6267.7,6227.3,873.70778928
12/09/2018 06:00:00,6285.01927335,6256.4,6285.01927335,6251,466.17308042
12/09/2018 05:00:00,6270,6285,6307.8,6264.7,513.50192168
12/09/2018 04:00:00,6263,6270,6283.1,6255.8,152.12507711
12/09/2018 03:00:00,6257.1,6263.1,6266.3,6218.3,931.37703207
12/09/2018 02:00:00,6261.7,6257.1,6275.4,6235.1,1130.98470706
12/09/2018 01:00:00,6263.6,6261.8,6277.5,6255.2,262.44018522
12/09/2018 00:00:00,6292.3,6263.5610599,6296.1,6263.5610599,202.27473865
11/09/2018 23:00:00,6303.5,6290.9,6305.8,6279.3,309.32035205
11/09/2018 22:00:00,6318.1,6303.510642,6324.1,6291.69035473,410.65094856
11/09/2018 21:00:00,6259.3,6318.1,6318.2,6244.2,689.93380187
11/09/2018 20:00:00,6273.9,6259.2,6276.2,6250.8,209.85809708
11/09/2018 19:00:00,6247.6,6273.9,6288,6241,319.52862398
11/09/2018 18:00:00,6243.5,6247.7,6252.3,6192.9,986.94086825
11/09/2018 17:00:00,6265,6243.4,6265.1,6230.3,562.00890365
11/09/2018 16:00:00,6255.2,6265.1,6270.1,6239.6,973.63278927
11/09/2018 15:00:00,6217.8,6256,6256,6187.9,1857.31395349
11/09/2018 14:00:00,6288.5,6219.9,6295,6170,2830.80198596
11/09/2018 13:00:00,6280.1,6288.4,6295,6270,478.51967782
11/09/2018 12:00:00,6274,6280.5,6289.99461361,6262.35146516,383.3371381
11/09/2018 11:00:00,6318.6,6274,6325,6241,986.67444385
11/09/2018 10:00:00,6340,6318.6,6340,6307.6,304.26888901
11/09/2018 09:00:00,6325.57835399,6340,6349,6325,598.04317907
11/09/2018 08:00:00,6315.1,6325.5,6329.4,6301.2,145.18380961
11/09/2018 07:00:00,6335,6315,6341.1,6315,685.2766782
11/09/2018 06:00:00,6334.9,6335.5,6355.29646747,6333.9,215.00933736
11/09/2018 05:00:00,6326.2,6334.9,6346,6321,318.12472072
11/09/2018 04:00:00,6354.6,6326.6,6359.6,6322,321.83355466
11/09/2018 03:00:00,6356.4435198,6354.9,6377.8,6350,276.2192538
11/09/2018 02:00:00,6388.9,6356.5,6399.6,6343.5,1204.23014377
11/09/2018 01:00:00,6323,6389,6389,6320.9,881.34962038
11/09/2018 00:00:00,6314.9,6323.02904,6355,6292.7,662.1488725
10/09/2018 23:00:00,6291.1,6314.9,6318,6287.6,233.60070895
10/09/2018 22:00:00,6293,6291.2,6293,6269.7,291.13083015
10/09/2018 21:00:00,6308.9046277,6293,6315,6292.9,157.07050306
10/09/2018 20:00:00,6295.3,6309,6315,6273.7,493.66745037
10/09/2018 19:00:00,6283.5,6295.4,6300,6279.9,320.08740504
10/09/2018 18:00:00,6267.1,6283.5,6294,6250,455.29762821
10/09/2018 17:00:00,6261.2,6267.1,6282.7,6243.9,899.49603441
10/09/2018 16:00:00,6294.9,6261.2,6300.3,6219,1660.7964815
10/09/2018 15:00:00,6306,6294.9,6309.3,6282.8,385.41961067
10/09/2018 14:00:00,6305,6306,6350,6299.1,873.05297559
10/09/2018 13:00:00,6303.56365164,6305,6314.1,6276.2,1223.28198125
10/09/2018 12:00:00,6310,6300.66870911,6315,6288.6,403.28078422
10/09/2018 11:00:00,6300,6310,6315,6275.4,427.21290765
10/09/2018 10:00:00,6294.5,6300,6311.5,6250,524.41818285
10/09/2018 09:00:00,6296.1,6295.1,6296.1,6256,657.99701391
10/09/2018 08:00:00,6326.1,6296.1,6326.4,6290.1,1117.81605357
10/09/2018 07:00:00,6322.52030851,6326,6333.7,6314.7,585.61083893
10/09/2018 06:00:00,6298.2,6322.52030851,6322.52030851,6292,429.66249636
10/09/2018 05:00:00,6281.3,6298.3,6300,6281.2,282.35735437
10/09/2018 04:00:00,6311.1,6281.7,6316.5,6276.9,182.16209094
10/09/2018 03:00:00,6318.3,6310.7642436,6319.352609,6300,354.8642163
10/09/2018 02:00:00,6335,6317,6345.1,6311.7,454.146624
10/09/2018 01:00:00,6259.6,6335,6373.6771888,6259.6,1799.04962082
10/09/2018 00:00:00,6240,6259.7,6274,6239.9,278.7687966
09/09/2018 23:00:00,6250.7,6239.9,6287.4,6232.1,584.19920831
09/09/2018 22:00:00,6371.1,6250.5,6371.2,6211.6,1992.76911629
09/09/2018 21:00:00,6386.5,6371.1,6393.1,6360.8,427.47793827
09/09/2018 20:00:00,6386.1,6386.5,6389,6379.9,215.14039909
09/09/2018 19:00:00,6376.1,6386.2,6390.7,6368.96978176,372.73753574
09/09/2018 18:00:00,6379.8,6376.1,6399,6372,297.96190047
09/09/2018 17:00:00,6382.3,6380.5,6391.9,6372,293.73355713
09/09/2018 16:00:00,6377.5,6382.3,6388,6375,592.46369598
09/09/2018 15:00:00,6381.3,6377.6,6386.1,6352,930.35005747
09/09/2018 14:00:00,6403.6,6381.3,6414.2,6373,575.48912905
09/09/2018 13:00:00,6393.96428526,6403.5,6431,6389.6,513.06731259
09/09/2018 12:00:00,6380.79138,6394,6400,6373.3,358.07364642
09/09/2018 11:00:00,6369.4,6380.79138,6385,6368,535.14102383
09/09/2018 10:00:00,6387.1,6369.350458,6408,6356.8,740.9104677
09/09/2018 09:00:00,6193.06655036,6387.1,6458.9,6188.1,3876.31442438
09/09/2018 08:00:00,6191,6193.3,6200,6185.3,633.52410879
09/09/2018 07:00:00,6190.1,6190.99965959,6191.9,6187.7,93.66811794
09/09/2018 06:00:00,6187.51049232,6190,6196.8,6187.5,156.09829002
09/09/2018 05:00:00,6175.9,6187.51049232,6195.7,6172.6,290.6164017
09/09/2018 04:00:00,6175.03094902,6175.9,6200,6171.1,558.21001647
09/09/2018 03:00:00,6160,6175.1,6178.3,6140.5,662.30402758
09/09/2018 02:00:00,6204,6159.900508,6208.4,6159,582.79329612
09/09/2018 01:00:00,6173.8,6204,6204,6173.8,461.91050279
09/09/2018 00:00:00,6185,6172.9,6185,6162.8,717.64074399
08/09/2018 23:00:00,6181.6,6184.944416,6196.6,6175,311.94926597
08/09/2018 22:00:00,6187,6181.56680233,6206.3,6161.4,540.08529462
08/09/2018 21:00:00,6176.2,6187,6191,6174.9,643.79760103
08/09/2018 20:00:00,6181.51100548,6176.2,6189,6119.5,1152.75653694
08/09/2018 19:00:00,6196.2,6181.6,6208.6,6170,521.94813524
08/09/2018 18:00:00,6215.1,6196.1,6217.8,6126.6,4170.30565581
08/09/2018 17:00:00,6372.32552529,6215.18415603,6407.1,6162.8,5752.47056351
08/09/2018 16:00:00,6430.9,6372.4,6434.7,6364.34117,547.17707042
08/09/2018 15:00:00,6400.249956,6430.9,6440,6393,748.7192693
08/09/2018 14:00:00,6418.8,6400.249956,6418.8,6372.5,1081.19849772
08/09/2018 13:00:00,6411,6418.7,6430,6385.3,592.25803705
08/09/2018 12:00:00,6436.1,6411,6436.1,6350,2261.38144975
08/09/2018 11:00:00,6456.9,6438.1,6457,6423.8,277.56811752
08/09/2018 10:00:00,6468.7,6456.9,6470.9,6451.7,124.39230446
08/09/2018 09:00:00,6466.7,6467.8,6473.3,6441.3,187.79091067
08/09/2018 08:00:00,6452.7,6466.7,6475.13340368,6452.6,434.30871113
08/09/2018 07:00:00,6450.7,6452.7,6455.1,6448.5,176.78943862
08/09/2018 06:00:00,6450.2,6450.6,6475.5,6450,707.44258597
08/09/2018 05:00:00,6427.2,6450.4,6450.7,6427.18567,246.74434106
08/09/2018 04:00:00,6431.3,6429.48888052,6431.3,6410,104.63012124
08/09/2018 03:00:00,6445.1,6431.22460993,6450.1,6423.1,235.52148875
08/09/2018 02:00:00,6427.1,6447.1,6467.3,6427,688.85514414
08/09/2018 01:00:00,6432.6,6427.1,6442.9,6427,39.8690557
08/09/2018 00:00:00,6397,6432.5,6447.5,6397,304.79417858
07/09/2018 23:00:00,6402.6,6397,6418.7,6383.5,191.22782211
07/09/2018 22:00:00,6420.3473723,6402.9,6426.36456758,6399.6,306.95028331
07/09/2018 21:00:00,6451.60543615,6420.3473723,6451.7,6415,196.21780382
07/09/2018 20:00:00,6423,6451.60543615,6452,6416.073726,254.86046522
07/09/2018 19:00:00,6413.9159552,6422.9,6438.6,6408.1,221.56870066
07/09/2018 18:00:00,6415,6413.9159552,6427,6400.1,270.11901906
07/09/2018 17:00:00,6437.1,6415,6442,6390,733.04223151
07/09/2018 16:00:00,6375.1,6435.7,6479,6360,2018.32924158
07/09/2018 15:00:00,6415.1,6365.088358,6438.7,6365.088358,1362.693125
07/09/2018 14:00:00,6444.3,6415,6485.9,6406.4,1138.02640094
07/09/2018 13:00:00,6435,6444.2635555,6459,6425.1,502.15209878
07/09/2018 12:00:00,6369.72525,6433,6458.9,6369.7,1263.44262791
07/09/2018 11:00:00,6364.9,6369.72525,6388,6346.9,1120.23987599
07/09/2018 10:00:00,6460.8,6365,6460.9,6322.8,4070.84151052
07/09/2018 09:00:00,6454.9,6460.9,6462.8,6430.9,423.38446002
07/09/2018 08:00:00,6491.2,6454.9,6491.3,6441.27800958,1237.17725243
07/09/2018 07:00:00,6471.1,6491.2,6493.7,6471.1,504.51709486
07/09/2018 06:00:00,6516.8,6469.6,6549.5,6460,1501.58569873
07/09/2018 05:00:00,6491.3,6516.9,6518,6491.216015,376.18417397
07/09/2018 04:00:00,6498.5,6491.216015,6499,6476.8,442.44620727
07/09/2018 03:00:00,6501.1,6498.5,6523.1,6496.5,248.77919476
07/09/2018 02:00:00,6514.2,6501,6544,6491.4,1189.08559606
07/09/2018 01:00:00,6489.3,6514.2,6523.4,6489.3,471.56880841
07/09/2018 00:00:00,6516,6489.3,6516.1,6468.8,704.39849125
06/09/2018 23:00:00,6470,6516.1,6538.9,6469.99192542,837.14171955
06/09/2018 22:00:00,6445.1,6470,6470,6441.6,231.64284567
06/09/2018 21:00:00,6456.8,6445.2,6471.9,6423.7,370.99348003
06/09/2018 20:00:00,6474.9,6456.8,6474.9,6442.3,377.18337467
06/09/2018 19:00:00,6429.3,6475.5,6480,6418.83447173,628.04664238
06/09/2018 18:00:00,6400.7,6429.3,6449.9,6370.8,1418.63833785
06/09/2018 17:00:00,6431.3,6401,6444,6401,786.69692294
06/09/2018 16:00:00,6428.2,6431.3,6452,6408.2,925.83511838
06/09/2018 15:00:00,6475,6428.2,6475.1,6405.2682315,1469.61595242
06/09/2018 14:00:00,6500,6475,6531.1,6461.11398918,1745.69995622
06/09/2018 13:00:00,6404.6,6500,6512,6395,2603.86531665
06/09/2018 12:00:00,6410.5,6404.6,6425.1,6389.3,657.02100883
06/09/2018 11:00:00,6380.0305328,6410.4,6425,6380.0305328,1035.96807256
06/09/2018 10:00:00,6392.4,6380.1,6424.5,6362.8,1518.53345072
06/09/2018 09:00:00,6436.4,6392.4,6436.4,6303,2608.52543377
06/09/2018 08:00:00,6400,6436.3,6453.1,6393,962.55412644
06/09/2018 07:00:00,6424.40041729,6399.9,6442.6,6383.4,1390.79624824
06/09/2018 06:00:00,6405.8,6424.4,6450.2,6383.02076493,2053.09206434
06/09/2018 05:00:00,6454,6405.8,6455,6365.69282833,1881.85693889
06/09/2018 04:00:00,6443,6454.1,6469.9,6426.45681748,1573.27732725
06/09/2018 03:00:00,6470.9,6442.9,6470.9,6409.9,1729.71502063
06/09/2018 02:00:00,6441.5738644,6470.9,6514.3,6441.5,2616.36235685
06/09/2018 01:00:00,6458.1,6441.5738644,6490.1,6407,6802.85872316
06/09/2018 00:00:00,6704,6458,6731.3,6302.2,16776.59671994
05/09/2018 23:00:00,6913,6704,6932.9,6700,9463.31710652
05/09/2018 22:00:00,6937.42217642,6913.1,6937.42217642,6900,2587.86341373
05/09/2018 21:00:00,6963.8,6937.5,6995.5,6921.7,777.1648972
05/09/2018 20:00:00,6919.2,6963.7,6971.5,6917.7,854.38766347
05/09/2018 19:00:00,6929.8,6920.3,6939.8,6900,855.95865777
05/09/2018 18:00:00,6932,6929.8,6957.1,6908.6,1681.21520781
05/09/2018 17:00:00,6934.4,6932.1,6954.2,6900,2365.36872857
05/09/2018 16:00:00,7001.4,6934.3,7005.6917805,6900,5719.08524373
05/09/2018 15:00:00,7025,7001.3,7025.1,6950,1739.82660661
05/09/2018 14:00:00,7043.1229241,7025,7062.6,6998,2128.92335379
05/09/2018 13:00:00,6993.2,7043.1229241,7053.7,6976.6,2029.42204977
05/09/2018 12:00:00,6996.5,6993.2,7035.6,6975.2,1822.56390577
05/09/2018 11:00:00,6995,6995,7038.3,6946.5,4105.7230195
05/09/2018 10:00:00,7111,6994.9734088,7176,6921.5,9647.16503776
05/09/2018 09:00:00,7386.6,7111.3,7386.678016,7101.2,5153.76929762
05/09/2018 08:00:00,7369.3,7386.6,7404,7369.3,1237.14912953
05/09/2018 07:00:00,7382.8,7369.3,7382.8,7360.9,289.65193674
05/09/2018 06:00:00,7378.94180613,7383,7400.3,7359,966.1027351
05/09/2018 05:00:00,7359.3159705,7378.9,7379,7359.3,217.71303447
05/09/2018 04:00:00,7371.1,7359.3159705,7376.7,7359,352.26669735
05/09/2018 03:00:00,7373.7,7371.2,7383.5,7361.3,712.33161442
05/09/2018 02:00:00,7387.81781811,7373.64312117,7391.6,7371.4,506.8307109
05/09/2018 01:00:00,7381.74551606,7387.9,7398.7,7370.27490225,422.27637258
05/09/2018 00:00:00,7358.9,7381.8,7381.8,7357.2,140.18355983
04/09/2018 23:00:00,7363,7358.9,7363.3,7349,310.45693058
04/09/2018 22:00:00,7356.9,7363.09303188,7363.5,7342.7,204.62221768
04/09/2018 21:00:00,7368.2,7357,7374.7,7356,363.56510767
04/09/2018 20:00:00,7355,7368.1,7369,7346.9,419.4461692
04/09/2018 19:00:00,7354.8,7355,7410.9,7330,1619.02622489
04/09/2018 18:00:00,7384.4,7354.7,7410.5,7336,2117.19756463
04/09/2018 17:00:00,7377,7384.4,7400,7376.9,530.13775177
04/09/2018 16:00:00,7377.073245,7376.7,7393.9,7356.44417707,661.20250204
04/09/2018 15:00:00,7369.98462588,7377.1,7415.4,7340,1872.49481381
04/09/2018 14:00:00,7375.96712383,7369.98462588,7393.97504995,7369.9,549.11515469
04/09/2018 13:00:00,7365.9,7375.7,7405,7330,1932.67644839
04/09/2018 12:00:00,7342.9,7365.8,7410,7342.9,3600.52304666
04/09/2018 11:00:00,7327.1,7342.9,7347.4,7319.3,1166.84816253
04/09/2018 10:00:00,7305.8,7327.2,7327.2,7303.90937316,307.39250564
04/09/2018 09:00:00,7305.7,7305.7,7317.3,7289,328.61782004
04/09/2018 08:00:00,7325,7305.7,7350.2,7304.1,760.04726305
04/09/2018 07:00:00,7306,7325,7325,7286.7,489.7881169
04/09/2018 06:00:00,7276.6,7306,7327.29813339,7276.6,899.21360114
04/09/2018 05:00:00,7270.53683938,7276.7,7282.8,7270.4,316.83286816
04/09/2018 04:00:00,7280.1,7270.7,7280.1,7246.2,909.55130454
04/09/2018 03:00:00,7284.8,7280,7290.4,7276.9,663.42417292
04/09/2018 02:00:00,7288.1,7284.7,7293.2,7284.7,258.99365307
04/09/2018 01:00:00,7275.6,7288,7298.50690454,7273.3,186.91903386
04/09/2018 00:00:00,7267.6,7275.6,7278.3,7255.39957467,370.88109364
03/09/2018 23:00:00,7264.7,7267.8,7277.9,7249,538.5194293
03/09/2018 22:00:00,7322.2,7265.90456785,7360,7259,1047.29618525
03/09/2018 21:00:00,7307.1,7322.1,7322.2,7301.3,215.77917089
03/09/2018 20:00:00,7322.5,7307.1,7326.1,7290,349.75364847
03/09/2018 19:00:00,7285.1,7322.6,7369,7275,2124.49252006
03/09/2018 18:00:00,7287.2,7285.2,7291.7,7275,245.89870215
03/09/2018 17:00:00,7267,7287.2,7300,7263.74923247,871.05498893
03/09/2018 16:00:00,7294.1,7267,7298.9,7259,447.85572026
03/09/2018 15:00:00,7288,7295.1,7305,7280,578.65441888
03/09/2018 14:00:00,7296.7,7288,7310,7263.8,1153.65219548
03/09/2018 13:00:00,7258.76870729,7296.7,7314.2,7258.7,2054.50155591
03/09/2018 12:00:00,7236,7258.8,7277.8,7236,370.54008431
03/09/2018 11:00:00,7247.06538537,7236,7249,7236,985.67053061
03/09/2018 10:00:00,7226.5,7247,7257.9,7220,690.99407785
03/09/2018 09:00:00,7260.1,7226.5,7260.2,7220,1205.45631226
03/09/2018 08:00:00,7261.1,7260.1,7316.6,7260.1,3104.28597984
03/09/2018 07:00:00,7251.98855394,7261,7262,7232.4945849,1179.07626931
03/09/2018 06:00:00,7230.8,7251.9,7263.08800516,7215.5,1013.30475314
03/09/2018 05:00:00,7217,7230.8,7240.1,7213.8,446.1418518
03/09/2018 04:00:00,7263,7217,7263.1,7200,1066.61025667
03/09/2018 03:00:00,7279.6,7263,7294.3,7255,420.68483338
03/09/2018 02:00:00,7268.4,7279.6,7280,7249.5,460.69509273
03/09/2018 01:00:00,7285,7268.4,7287.4,7257.4,1183.81726948
03/09/2018 00:00:00,7300.1,7285,7324.8,7275,553.53515191
02/09/2018 23:00:00,7285.62807546,7300,7317.7,7275.01464729,342.62046572
02/09/2018 22:00:00,7285.15493859,7285.6,7298.5,7275,164.6558664
02/09/2018 21:00:00,7286.61132386,7285.1,7305,7282,234.19330842
02/09/2018 20:00:00,7310.6,7286.6,7310.6,7260.7,370.46527118
02/09/2018 19:00:00,7308.46195218,7310.5,7338.7,7284,448.60995935
02/09/2018 18:00:00,7295.8,7308.5,7320,7270.9,535.46457373
02/09/2018 17:00:00,7276.6,7296.6,7329.7,7264.8246608,937.85305562
02/09/2018 16:00:00,7222.4,7276.7,7286.9,7198.1,872.75256456
02/09/2018 15:00:00,7235.30608094,7222.5,7255.1,7220.1,340.88127742
02/09/2018 14:00:00,7189.9947174,7235.3,7240,7189.98227723,766.55264866
02/09/2018 13:00:00,7261.5,7190,7262.4,7185,1636.8328766
02/09/2018 12:00:00,7242.4,7261,7272,7240,726.41760029
02/09/2018 11:00:00,7290.0483777,7242.4,7291,7230,2018.06586884
02/09/2018 10:00:00,7330,7290.04327025,7348.7,7265,3412.03661279
02/09/2018 09:00:00,7319.5,7330,7429.2,7271,14731.56865569
02/09/2018 08:00:00,7250,7319.5,7335,7250,8526.32614875
02/09/2018 07:00:00,7223.1,7250,7275,7223,3593.12821121
02/09/2018 06:00:00,7236.7,7223,7240.07087142,7213,1136.18570201
02/09/2018 05:00:00,7215.1,7236.7,7244,7215.1,489.43540848
02/09/2018 04:00:00,7191.3,7215.1,7230,7190,570.02772147
02/09/2018 03:00:00,7169.9,7191.2,7200,7163.4,594.74561626
02/09/2018 02:00:00,7147.3,7168.9,7170,7139.9,321.951073
02/09/2018 01:00:00,7166.8,7147.3,7172.7,7135.3,986.32225482
02/09/2018 00:00:00,7197.5,7166.8,7205.1,7145.1,924.44534157
01/09/2018 23:00:00,7200.1,7197.4,7223,7192.8,191.93642396
01/09/2018 22:00:00,7191.9,7200,7242,7180.6,854.84409347
01/09/2018 21:00:00,7191,7192.4,7219.4,7175,268.87527462
01/09/2018 20:00:00,7249.9728792,7191,7253.9,7176.7,1059.85047039
01/09/2018 19:00:00,7202,7249.5,7269.9,7200.1,1635.0283544
01/09/2018 18:00:00,7194.9,7204,7205,7184.9,401.27943596
01/09/2018 17:00:00,7195,7194.9,7212,7180.7,1249.3751073
01/09/2018 16:00:00,7170,7195,7242.0465244,7169.8,2251.41956003
01/09/2018 15:00:00,7129,7170,7262.2,7129,4957.78590635
01/09/2018 14:00:00,7056.4,7128.96946454,7135,7040.4,1182.20965731
01/09/2018 13:00:00,7036.1,7056.45135944,7056.6,7036,136.68998713
01/09/2018 12:00:00,7068.9,7036,7068.9,7028.1,792.7510625
01/09/2018 11:00:00,7100.8,7068.9,7119,7064,584.83250265
01/09/2018 10:00:00,7071.5,7100.8,7115.5,7071.4,1741.9569845
01/09/2018 09:00:00,7057.2,7071.5,7082,7049.3,549.85370382
01/09/2018 08:00:00,7050.1,7057.1,7065.2,7045.9,196.65274576
01/09/2018 07:00:00,7045,7050.2,7077,7044.94608622,841.4926193
01/09/2018 06:00:00,7047.1,7045,7047.1,7029.4,502.68636824
01/09/2018 05:00:00,7051.3,7047,7058.4,7024.4,247.85252542
01/09/2018 04:00:00,7064.2,7051.3,7067.02691361,7040,305.49415698
01/09/2018 03:00:00,7040,7063.5,7067,7039.6,191.49618522
01/09/2018 02:00:00,7033.5651873,7040,7061,7033.5651873,396.02851222
01/09/2018 01:00:00,7047.2,7033.6,7058.4,7033.55702788,437.49612391
01/09/2018 00:00:00,7013.5,7046,7064.8,7011.3,419.21704772
31/08/2018 23:00:00,7025.91223905,7014.6,7051.3,6997.7,1279.17918045
